pagina,page_id,inicio,fin,activo,variantes,formato,cta,titulo,link,texto
Juan Londono MDR,699718369900189,2025-11-03,2025-11-07,False,1,VIDEO,Watch more,¡Disponible por tiempo limitado!,https://www.juan1ondono.com/prompt-engineerr,"🚪 La libertad no se consigue renunciando a tu trabajo…  Se consigue aprendiendo algo que te haga imposible de reemplazar. 💬 Hoy, esa habilidad es saber hablar con la inteligencia artificial. 🤖 Descubre cómo hacerlo con el Manual PROMPT ENGINEER 📘  ⚡️ Lo que antes era futuro… ya empezó. 👇🏻 Da clic en “Ver Más” y obtén el tuyo AHORA"
Juan Londono MDR,699718369900189,2025-11-03,2025-11-06,False,2,VIDEO,Watch more,¡Disponible por tiempo limitado!,https://www.juan1ondono.com/prompt-engineerr,"🚪 La libertad no se consigue renunciando a tu trabajo…  Se consigue aprendiendo algo que te haga imposible de reemplazar. 💬 Hoy, esa habilidad es saber hablar con la inteligencia artificial. 🤖 Descubre cómo hacerlo con el Manual PROMPT ENGINEER 📘  ⚡️ Lo que antes era futuro… ya empezó. 👇🏻 Da clic en “Ver Más” y obtén el tuyo AHORA"
Juan Londono MDR,699718369900189,2025-11-14,2025-11-16,False,,VIDEO,Watch more,¡Disponible por tiempo limitado!,https://www.juan1ondono.com/prompt-engineerr,"🚪 La libertad no se consigue renunciando a tu trabajo…  Se consigue aprendiendo algo que te haga imposible de reemplazar. 💬 Hoy, esa habilidad es saber hablar con la inteligencia artificial. 🤖 Descubre cómo hacerlo con el Manual PROMPT ENGINEER 📘  ⚡️ Lo que antes era futuro… ya empezó. 👇🏻 Da clic en “Ver Más” y obtén el tuyo AHORA"
Juan Londono MDR,699718369900189,2025-11-21,2025-11-24,False,,VIDEO,Watch more,Entra antes de que sea tarde.,https://www.juan1ondono.com/prompt-engineerr,"Una nueva especie digital está aquí…  Y quienes no sepan comunicarse con ella quedarán fuera del juego.  El futuro será de los que dominen esta habilidad, no de los que la ignoren.  Aprende a hacerlo con el Manual PROMPT ENGINEER 📘  Lo que antes era futuro… ya empezó.  Da clic en “Ver Más” y obtén el tuyo AHORA"
Juan Londono MDR,699718369900189,2025-11-21,2025-11-24,False,,VIDEO,Watch more,Entra antes de que sea tarde.,https://www.juan1ondono.com/prompt-engineerr,"Una nueva especie digital está aquí…  Y quienes no sepan comunicarse con ella quedarán fuera del juego.  El futuro será de los que dominen esta habilidad, no de los que la ignoren.  Aprende a hacerlo con el Manual PROMPT ENGINEER 📘  Lo que antes era futuro… ya empezó.  Da clic en “Ver Más” y obtén el tuyo AHORA"
Juan Londono MDR,699718369900189,2025-11-14,2025-11-16,False,,VIDEO,Watch more,¡Disponible por tiempo limitado!,https://www.juan1ondono.com/prompt-engineerr,"🚪 La libertad no se consigue renunciando a tu trabajo…  Se consigue aprendiendo algo que te haga imposible de reemplazar. 💬 Hoy, esa habilidad es saber hablar con la inteligencia artificial. 🤖 Descubre cómo hacerlo con el Manual PROMPT ENGINEER 📘  ⚡️ Lo que antes era futuro… ya empezó. 👇🏻 Da clic en “Ver Más” y obtén el tuyo AHORA"
Juan Londono MDR,699718369900189,2025-11-17,2025-11-19,False,,VIDEO,Watch more,Entra antes de que sea tarde.,https://www.juan1ondono.com/prompt-engineerr,"Una nueva especie digital está aquí…  Y quienes no sepan comunicarse con ella quedarán fuera del juego.  El futuro será de los que dominen esta habilidad, no de los que la ignoren.  Aprende a hacerlo con el Manual PROMPT ENGINEER 📘  Lo que antes era futuro… ya empezó.  Da clic en “Ver Más” y obtén el tuyo AHORA"
Juan Londono MDR,699718369900189,2025-11-17,2025-11-19,False,,VIDEO,Watch more,Entra antes de que sea tarde.,https://www.juan1ondono.com/prompt-engineerr,"Una nueva especie digital está aquí…  Y quienes no sepan comunicarse con ella quedarán fuera del juego.  El futuro será de los que dominen esta habilidad, no de los que la ignoren.  Aprende a hacerlo con el Manual PROMPT ENGINEER 📘  Lo que antes era futuro… ya empezó.  Da clic en “Ver Más” y obtén el tuyo AHORA"
Deivis Rodríguez Mkt,749388824913951,2026-04-08,2026-05-28,False,2,IMAGE,Learn more,Club Espia digital – Sitio Web de Educacion,https://formulalowticket.online/club-espia-digital/,"¿Te cuesta decidir qué producto digital promocionar?  Hoy en día hay demasiadas opciones… y eso termina generando más dudas que resultados.  Por eso creamos una forma más simple de inspirarte 👇  Cada día puedes recibir directamente en tu celular una selección de productos digitales que están activos en el mercado, para analizarlos, entenderlos y tomar mejores decisiones.  Sin tener que pasar horas buscando. Sin saturarte de información.  ✔ Ideas organizadas y listas para revisar ✔ Enfoque práctico para ahorrar tiempo ✔ Ideal si estás empezando o quieres optimizar tu proceso  Además, al ingresar obtienes recursos extra que te ayudan a analizar mejor cada oportunidad.  👉 Toca en “Más información” y conoce cómo funciona"
Samuel Corvo,841377782393038,2026-07-27,2026-09-24,True,2,VIDEO,See details,,https://elcorvo.com/lowzap-01/,comente “hook” e receba o acesso a aula completa
Samuel Corvo,841377782393038,2026-07-27,2026-09-23,True,,VIDEO,See details,,https://elcorvo.com/lowzap-01/,comente “hook” e receba o acesso a aula completa
Romildo Jr,210055868838209,2026-08-24,2026-09-21,False,1,IMAGE,Learn more,ÚNETE AL GRUPO GRATUITO 👇,https://wpp.romildo.digital/,"🔥 Descubre ofertas ganadoras antes del mercado LATAM.  Analizamos campañas y ofertas escaladas en Brasil para que puedas detectar oportunidades, modelarlas y venderlas en español antes de que el mercado se sature."
Ads Finder Pro,769554262916362,2025-10-16,2025-10-17,False,1,IMAGE,Learn more,Ofertas Digitales Validadas Gratis,https://adsfinderpro.com/wsp,¿Cansado de buscar productos ganadores y crear anuncios desde cero? 😴  Únete a nuestra comunidad GRATUITA y recibe acceso a las ofertas de productos digitales más populares a nivel mundial. 🌍  Te damos TODO listo para empezar: ✅ Ofertas validadas 🚀 Creativos probados 📈 Embudos de venta completos  ¡Solo tienes que modelar y adaptar! ✨
Romildo Jr,210055868838209,2026-08-20,2026-09-21,False,1,IMAGE,Learn more,ÚNETE AL GRUPO GRATUITO 👇,https://wpp.romildo.digital/,"🔥 Descubre ofertas ganadoras antes del mercado LATAM.  Analizamos campañas y ofertas escaladas en Brasil para que puedas detectar oportunidades, modelarlas y venderlas en español antes de que el mercado se sature."
Romildo Jr,210055868838209,2026-08-20,2026-09-21,False,1,IMAGE,Learn more,ÚNETE AL GRUPO GRATUITO 👇,https://wpp.romildo.digital/,"🔥 Descubre ofertas ganadoras antes del mercado LATAM.  Analizamos campañas y ofertas escaladas en Brasil para que puedas detectar oportunidades, modelarlas y venderlas en español antes de que el mercado se sature."
Ads Finder Pro,769554262916362,2025-10-16,2025-10-18,False,1,IMAGE,Learn more,Acceso a Ofertas Mundiales,https://adsfinderpro.com/wsp,¿Cansado de buscar productos ganadores y crear anuncios desde cero? 😴  Únete a nuestra comunidad GRATUITA y recibe acceso a las ofertas de productos digitales más populares a nivel mundial. 🌍  Te damos TODO listo para empezar: ✅ Ofertas validadas 🚀 Creativos probados 📈 Embudos de venta completos  ¡Solo tienes que modelar y adaptar! ✨
Romildo Jr,210055868838209,2026-08-24,2026-08-26,False,1,VIDEO,Learn more,⭐⭐⭐⭐⭐ (4.9/5),https://miniapps.romildo.digital/,"Mientras tú peleas por vender ebooks de $5… hay emprendedores vendiendo mini aplicaciones sin escribir una línea de código.  La diferencia:  📕 PDF → el cliente lo descarga, no lo lee, pide reembolso.  📱 Mini App → el cliente lo usa todos los días y paga con gusto.  ¿De qué lado quieres estar?  Descubre en 2 minutos si este modelo es para ti."
Deivis Rodríguez Mkt,749388824913951,2026-04-08,2026-05-29,False,2,IMAGE,Learn more,Club Espia digital – Sitio Web de Educacion,https://formulalowticket.online/club-espia-digital/,"¿Te cuesta decidir qué producto digital promocionar?  Hoy en día hay demasiadas opciones… y eso termina generando más dudas que resultados.  Por eso creamos una forma más simple de inspirarte 👇  Cada día puedes recibir directamente en tu celular una selección de productos digitales que están activos en el mercado, para analizarlos, entenderlos y tomar mejores decisiones.  Sin tener que pasar horas buscando. Sin saturarte de información.  ✔ Ideas organizadas y listas para revisar ✔ Enfoque práctico para ahorrar tiempo ✔ Ideal si estás empezando o quieres optimizar tu proceso  Además, al ingresar obtienes recursos extra que te ayudan a analizar mejor cada oportunidad.  👉 Toca en “Más información” y conoce cómo funciona"
Romildo Jr,210055868838209,2026-08-24,2026-09-21,False,1,IMAGE,Learn more,ÚNETE AL GRUPO GRATUITO 👇,https://wpp.romildo.digital/,"🔥 Descubre ofertas ganadoras antes del mercado LATAM.  Analizamos campañas y ofertas escaladas en Brasil para que puedas detectar oportunidades, modelarlas y venderlas en español antes de que el mercado se sature."
Deivis Rodríguez Mkt,749388824913951,2026-05-29,2026-06-02,False,,IMAGE,See details,Club Espia digital – Sitio Web de Educacion,https://formulalowticket.online/club-espia-digital/,"¿Te cuesta decidir qué producto digital promocionar?  Hoy en día hay demasiadas opciones… y eso termina generando más dudas que resultados.  Por eso creamos una forma más simple de inspirarte 👇  Cada día puedes recibir directamente en tu celular una selección de productos digitales que están activos en el mercado, para analizarlos, entenderlos y tomar mejores decisiones.  Sin tener que pasar horas buscando. Sin saturarte de información.  ✔ Ideas organizadas y listas para revisar ✔ Enfoque práctico para ahorrar tiempo ✔ Ideal si estás empezando o quieres optimizar tu proceso  Además, al ingresar obtienes recursos extra que te ayudan a analizar mejor cada oportunidad.  👉 Toca en “Más información” y conoce cómo funciona"
Deivis Rodríguez Mkt,749388824913951,2026-07-09,2026-07-20,False,1,IMAGE,Learn more,"👉 Toca en ""Más información"" y mira cómo funciona.",https://elclubdeofertas.online/,"No sé si a ti también te pasa, pero una de las cosas que más tiempo me quitaba era intentar decidir qué producto valía la pena promocionar.  Abría la Biblioteca de Anuncios, veía cientos de opciones y terminaba sin elegir ninguna.  Por eso empecé a hacer algo diferente: analizar unas pocas oportunidades cada día en lugar de revisar cientos de anuncios.  De esa idea nació el Club de Ofertas Escaladas.  Todos los días compartimos 3 ofertas digitales que ya encontramos y analizamos para ahorrar tiempo en la investigación.  Si trabajas con afiliados, productos digitales o simplemente quieres descubrir nuevas oportunidades sin pasar horas buscando, quizás te resulte útil."
Romildo Jr,210055868838209,2026-08-26,2026-08-29,False,1,VIDEO,Learn more,Nos vemos por allá,https://miniappsrentables.romildo.digital/,"Mientras tú peleas por vender ebooks de $5… hay emprendedores vendiendo mini aplicaciones sin escribir una línea de código.  La diferencia:  📕 PDF → el cliente lo descarga, no lo lee, pide reembolso.  📱 Mini App → el cliente lo usa todos los días y paga con gusto.  ¿De qué lado quieres estar?  Descubre en 2 minutos si este modelo es para ti."
Deivis Rodríguez Mkt,749388824913951,2026-05-10,2026-06-01,False,1,IMAGE,Learn more,👉 Toca en “Más información” y conoce cómo funciona,https://formulalowticket.online/club-espia-digital/,"¿Te cuesta decidir qué producto digital promocionar?  Hoy en día hay demasiadas opciones… y eso termina generando más dudas que resultados.  Por eso creamos una forma más simple de inspirarte 👇  Cada día puedes recibir directamente en tu celular una selección de productos digitales que están activos en el mercado, para analizarlos, entenderlos y tomar mejores decisiones.  Sin tener que pasar horas buscando. Sin saturarte de información.  ✔ Ideas organizadas y listas para revisar ✔ Enfoque práctico para ahorrar tiempo ✔ Ideal si estás empezando o quieres optimizar tu proceso  Además, al ingresar obtienes recursos extra que te ayudan a analizar mejor cada oportunidad."
Romildo Jr,210055868838209,2026-08-20,2026-09-21,False,1,VIDEO,Learn more,ÚNETE AL GRUPO GRATUITO 👇,https://wpp.romildo.digital/,"🔥 Descubre ofertas ganadoras antes del mercado LATAM.  Analizamos campañas y ofertas escaladas en Brasil para que puedas detectar oportunidades, modelarlas y venderlas en español antes de que el mercado se sature."
Deivis Rodríguez Mkt,749388824913951,2026-04-24,2026-05-17,False,1,IMAGE,Learn more,👉 Toca en “Más información” y conoce cómo funciona,https://formulalowticket.online/club-espia-digital/,"¿Te cuesta decidir qué producto digital promocionar?  Hoy en día hay demasiadas opciones… y eso termina generando más dudas que resultados.  Por eso creamos una forma más simple de inspirarte 👇  Cada día puedes recibir directamente en tu celular una selección de productos digitales que están activos en el mercado, para analizarlos, entenderlos y tomar mejores decisiones.  Sin tener que pasar horas buscando. Sin saturarte de información.  ✔ Ideas organizadas y listas para revisar ✔ Enfoque práctico para ahorrar tiempo ✔ Ideal si estás empezando o quieres optimizar tu proceso  Además, al ingresar obtienes recursos extra que te ayudan a analizar mejor cada oportunidad."
Romildo Jr,210055868838209,2026-08-24,2026-08-29,False,1,VIDEO,Learn more,Nos vemos por allá,https://miniapps.romildo.digital/,"Mientras tú peleas por vender ebooks de $5… hay emprendedores vendiendo mini aplicaciones sin escribir una línea de código.  La diferencia:  📕 PDF → el cliente lo descarga, no lo lee, pide reembolso.  📱 Mini App → el cliente lo usa todos los días y paga con gusto.  ¿De qué lado quieres estar?  Descubre en 2 minutos si este modelo es para ti."
Deivis Rodríguez Mkt,749388824913951,2026-07-08,2026-07-19,False,5,IMAGE,Learn more,"👉 Toca en ""Más información"" y mira cómo funciona.",https://elclubdeofertas.online/,"No sé si a ti también te pasa, pero una de las cosas que más tiempo me quitaba era intentar decidir qué producto valía la pena promocionar.  Abría la Biblioteca de Anuncios, veía cientos de opciones y terminaba sin elegir ninguna.  Por eso empecé a hacer algo diferente: analizar unas pocas oportunidades cada día en lugar de revisar cientos de anuncios.  De esa idea nació el Club de Ofertas Escaladas.  Todos los días compartimos 3 ofertas digitales que ya encontramos y analizamos para ahorrar tiempo en la investigación.  Si trabajas con afiliados, productos digitales o simplemente quieres descubrir nuevas oportunidades sin pasar horas buscando, quizás te resulte útil."
Romildo Jr,210055868838209,2026-08-28,2026-08-29,False,1,VIDEO,Learn more,⭐⭐⭐⭐⭐ (4.9/5),https://miniappsrentables.romildo.digital/,"Mientras tú peleas por vender ebooks de $5… hay emprendedores vendiendo mini aplicaciones sin escribir una línea de código.  La diferencia:  📕 PDF → el cliente lo descarga, no lo lee, pide reembolso.  📱 Mini App → el cliente lo usa todos los días y paga con gusto.  ¿De qué lado quieres estar?  Descubre en 2 minutos si este modelo es para ti."
Deivis Rodríguez Mkt,749388824913951,2026-07-09,2026-07-19,False,1,IMAGE,Learn more,"👉 Toca en ""Más información"" y mira cómo funciona.",https://elclubdeofertas.online/,"No sé si a ti también te pasa, pero una de las cosas que más tiempo me quitaba era intentar decidir qué producto valía la pena promocionar.  Abría la Biblioteca de Anuncios, veía cientos de opciones y terminaba sin elegir ninguna.  Por eso empecé a hacer algo diferente: analizar unas pocas oportunidades cada día en lugar de revisar cientos de anuncios.  De esa idea nació el Club de Ofertas Escaladas.  Todos los días compartimos 3 ofertas digitales que ya encontramos y analizamos para ahorrar tiempo en la investigación.  Si trabajas con afiliados, productos digitales o simplemente quieres descubrir nuevas oportunidades sin pasar horas buscando, quizás te resulte útil."
Romildo Jr,210055868838209,2026-08-24,2026-09-21,False,1,IMAGE,Learn more,ÚNETE AL GRUPO GRATUITO 👇,https://wpp.romildo.digital/,"🔥 Descubre ofertas ganadoras antes del mercado LATAM.  Analizamos campañas y ofertas escaladas en Brasil para que puedas detectar oportunidades, modelarlas y venderlas en español antes de que el mercado se sature."
Romildo Jr,210055868838209,2025-12-04,2025-12-05,False,1,VIDEO,Learn more,Únete ahora al grupo gratuito,https://quiz.cakto.com.br/ofertas-escaladas-rgiyvS,"Estás a un clic de descubrir las ofertas e infoproductos que más venden en Brasil.  En nuestro grupo gratuito recibes todos los días las mejores oportunidades, para inspirarte, modelar y vender en tu país.  👉 Únete ahora al grupo gratuito."
Romildo Jr,210055868838209,2025-12-04,2025-12-05,False,1,VIDEO,Learn more,Únete ahora al grupo gratuito,https://quiz.cakto.com.br/ofertas-escaladas-rgiyvS,"Estás a un clic de descubrir las ofertas e infoproductos que más venden en Brasil.  En nuestro grupo gratuito recibes todos los días las mejores oportunidades, para inspirarte, modelar y vender en tu país.  👉 Únete ahora al grupo gratuito."
Deivis Rodríguez Mkt,749388824913951,2026-07-08,2026-07-19,False,1,IMAGE,Learn more,"👉 Toca en ""Más información"" y mira cómo funciona.",https://elclubdeofertas.online/,"No sé si a ti también te pasa, pero una de las cosas que más tiempo me quitaba era intentar decidir qué producto valía la pena promocionar.  Abría la Biblioteca de Anuncios, veía cientos de opciones y terminaba sin elegir ninguna.  Por eso empecé a hacer algo diferente: analizar unas pocas oportunidades cada día en lugar de revisar cientos de anuncios.  De esa idea nació el Club de Ofertas Escaladas.  Todos los días compartimos 3 ofertas digitales que ya encontramos y analizamos para ahorrar tiempo en la investigación.  Si trabajas con afiliados, productos digitales o simplemente quieres descubrir nuevas oportunidades sin pasar horas buscando, quizás te resulte útil."
Romildo Jr,210055868838209,2025-12-04,2025-12-05,False,1,VIDEO,Learn more,Únete ahora al grupo gratuito,https://quiz.cakto.com.br/ofertas-escaladas-rgiyvS,"Estás a un clic de descubrir las ofertas e infoproductos que más venden en Brasil.  En nuestro grupo gratuito recibes todos los días las mejores oportunidades, para inspirarte, modelar y vender en tu país.  👉 Únete ahora al grupo gratuito."
Deivis Rodríguez Mkt,749388824913951,2026-07-08,2026-07-19,False,1,IMAGE,Learn more,"👉 Toca en ""Más información"" y mira cómo funciona.",https://elclubdeofertas.online/,"No sé si a ti también te pasa, pero una de las cosas que más tiempo me quitaba era intentar decidir qué producto valía la pena promocionar.  Abría la Biblioteca de Anuncios, veía cientos de opciones y terminaba sin elegir ninguna.  Por eso empecé a hacer algo diferente: analizar unas pocas oportunidades cada día en lugar de revisar cientos de anuncios.  De esa idea nació el Club de Ofertas Escaladas.  Todos los días compartimos 3 ofertas digitales que ya encontramos y analizamos para ahorrar tiempo en la investigación.  Si trabajas con afiliados, productos digitales o simplemente quieres descubrir nuevas oportunidades sin pasar horas buscando, quizás te resulte útil."
Romildo Jr,210055868838209,2026-08-24,2026-09-18,False,1,VIDEO,Learn more,ÚNETE AL GRUPO GRATUITO 👇,https://wpp.romildo.digital/,"🔥 Descubre ofertas ganadoras antes del mercado LATAM.  Analizamos campañas y ofertas escaladas en Brasil para que puedas detectar oportunidades, modelarlas y venderlas en español antes de que el mercado se sature."
Romildo Jr,210055868838209,2025-12-04,2025-12-05,False,1,VIDEO,Learn more,Únete ahora al grupo gratuito,https://quiz.cakto.com.br/ofertas-escaladas-rgiyvS,"Estás a un clic de descubrir las ofertas e infoproductos que más venden en Brasil.  En nuestro grupo gratuito recibes todos los días las mejores oportunidades, para inspirarte, modelar y vender en tu país.  👉 Únete ahora al grupo gratuito."
Romildo Jr,210055868838209,2026-08-20,2026-09-21,False,1,IMAGE,Learn more,ÚNETE AL GRUPO GRATUITO 👇,https://wpp.romildo.digital/,"🔥 Descubre ofertas ganadoras antes del mercado LATAM.  Analizamos campañas y ofertas escaladas en Brasil para que puedas detectar oportunidades, modelarlas y venderlas en español antes de que el mercado se sature."
Romildo Jr,210055868838209,2025-12-04,2025-12-05,False,1,VIDEO,Learn more,Únete ahora al grupo gratuito,https://quiz.cakto.com.br/ofertas-escaladas-rgiyvS,"Estás a un clic de descubrir las ofertas e infoproductos que más venden en Brasil.  En nuestro grupo gratuito recibes todos los días las mejores oportunidades, para inspirarte, modelar y vender en tu país.  👉 Únete ahora al grupo gratuito."
Deivis Rodríguez Mkt,749388824913951,2026-04-08,2026-05-29,False,1,IMAGE,Learn more,👉 Toca en “Más información” y conoce cómo funciona,https://formulalowticket.online/club-espia-digital/,"¿Te cuesta decidir qué producto digital promocionar?  Hoy en día hay demasiadas opciones… y eso termina generando más dudas que resultados.  Por eso creamos una forma más simple de inspirarte 👇  Cada día puedes recibir directamente en tu celular una selección de productos digitales que están activos en el mercado, para analizarlos, entenderlos y tomar mejores decisiones.  Sin tener que pasar horas buscando. Sin saturarte de información.  ✔ Ideas organizadas y listas para revisar ✔ Enfoque práctico para ahorrar tiempo ✔ Ideal si estás empezando o quieres optimizar tu proceso  Además, al ingresar obtienes recursos extra que te ayudan a analizar mejor cada oportunidad.  👉 Toca en “Más información” y conoce cómo funciona"
Romildo Jr,210055868838209,2026-08-24,2026-09-20,False,1,VIDEO,Learn more,ÚNETE AL GRUPO GRATUITO 👇,https://wpp.romildo.digital/,"🔥 Descubre ofertas ganadoras antes del mercado LATAM.  Analizamos campañas y ofertas escaladas en Brasil para que puedas detectar oportunidades, modelarlas y venderlas en español antes de que el mercado se sature."
Romildo Jr,210055868838209,2026-08-20,2026-09-21,False,1,IMAGE,Learn more,ÚNETE AL GRUPO GRATUITO 👇,https://wpp.romildo.digital/,"🔥 Descubre ofertas ganadoras antes del mercado LATAM.  Analizamos campañas y ofertas escaladas en Brasil para que puedas detectar oportunidades, modelarlas y venderlas en español antes de que el mercado se sature."
Deivis Rodríguez Mkt,749388824913951,2026-07-14,2026-07-19,False,1,IMAGE,Learn more,"👉 Toca en ""Más información"" y mira cómo funciona.",https://elclubdeofertas.online/,"No sé si a ti también te pasa, pero una de las cosas que más tiempo me quitaba era intentar decidir qué producto valía la pena promocionar.  Abría la Biblioteca de Anuncios, veía cientos de opciones y terminaba sin elegir ninguna.  Por eso empecé a hacer algo diferente: analizar unas pocas oportunidades cada día en lugar de revisar cientos de anuncios.  De esa idea nació el Club de Ofertas Escaladas.  Todos los días compartimos 3 ofertas digitales que ya encontramos y analizamos para ahorrar tiempo en la investigación.  Si trabajas con afiliados, productos digitales o simplemente quieres descubrir nuevas oportunidades sin pasar horas buscando, quizás te resulte útil."
Romildo Jr,210055868838209,2026-08-24,2026-09-21,False,1,IMAGE,Learn more,ÚNETE AL GRUPO GRATUITO 👇,https://wpp.romildo.digital/,"🔥 Descubre ofertas ganadoras antes del mercado LATAM.  Analizamos campañas y ofertas escaladas en Brasil para que puedas detectar oportunidades, modelarlas y venderlas en español antes de que el mercado se sature."
Deivis Rodríguez Mkt,749388824913951,2026-04-08,2026-05-18,False,1,IMAGE,Learn more,Club Espia digital – Sitio Web de Educacion,https://formulalowticket.online/club-espia-digital/,"¿Te cuesta decidir qué producto digital promocionar?  Hoy en día hay demasiadas opciones… y eso termina generando más dudas que resultados.  Por eso creamos una forma más simple de inspirarte 👇  Cada día puedes recibir directamente en tu celular una selección de productos digitales que están activos en el mercado, para analizarlos, entenderlos y tomar mejores decisiones.  Sin tener que pasar horas buscando. Sin saturarte de información.  ✔ Ideas organizadas y listas para revisar ✔ Enfoque práctico para ahorrar tiempo ✔ Ideal si estás empezando o quieres optimizar tu proceso  Además, al ingresar obtienes recursos extra que te ayudan a analizar mejor cada oportunidad.  👉 Toca en “Más información” y conoce cómo funciona"
Deivis Rodríguez Mkt,749388824913951,2026-07-08,2026-07-11,False,1,IMAGE,Learn more,"👉 Toca en ""Más información"" y mira cómo funciona.",https://elclubdeofertas.online/,"No sé si a ti también te pasa, pero una de las cosas que más tiempo me quitaba era intentar decidir qué producto valía la pena promocionar.  Abría la Biblioteca de Anuncios, veía cientos de opciones y terminaba sin elegir ninguna.  Por eso empecé a hacer algo diferente: analizar unas pocas oportunidades cada día en lugar de revisar cientos de anuncios.  De esa idea nació el Club de Ofertas Escaladas.  Todos los días compartimos 3 ofertas digitales que ya encontramos y analizamos para ahorrar tiempo en la investigación.  Si trabajas con afiliados, productos digitales o simplemente quieres descubrir nuevas oportunidades sin pasar horas buscando, quizás te resulte útil."
Deivis Rodríguez Mkt,749388824913951,2026-07-08,2026-07-11,False,1,IMAGE,Learn more,"👉 Toca en ""Más información"" y mira cómo funciona.",https://elclubdeofertas.online/,"No sé si a ti también te pasa, pero una de las cosas que más tiempo me quitaba era intentar decidir qué producto valía la pena promocionar.  Abría la Biblioteca de Anuncios, veía cientos de opciones y terminaba sin elegir ninguna.  Por eso empecé a hacer algo diferente: analizar unas pocas oportunidades cada día en lugar de revisar cientos de anuncios.  De esa idea nació el Club de Ofertas Escaladas.  Todos los días compartimos 3 ofertas digitales que ya encontramos y analizamos para ahorrar tiempo en la investigación.  Si trabajas con afiliados, productos digitales o simplemente quieres descubrir nuevas oportunidades sin pasar horas buscando, quizás te resulte útil."
Deivis Rodríguez Mkt,749388824913951,2026-07-08,2026-07-11,False,1,IMAGE,Learn more,"👉 Toca en ""Más información"" y mira cómo funciona.",https://elclubdeofertas.online/,"No sé si a ti también te pasa, pero una de las cosas que más tiempo me quitaba era intentar decidir qué producto valía la pena promocionar.  Abría la Biblioteca de Anuncios, veía cientos de opciones y terminaba sin elegir ninguna.  Por eso empecé a hacer algo diferente: analizar unas pocas oportunidades cada día en lugar de revisar cientos de anuncios.  De esa idea nació el Club de Ofertas Escaladas.  Todos los días compartimos 3 ofertas digitales que ya encontramos y analizamos para ahorrar tiempo en la investigación.  Si trabajas con afiliados, productos digitales o simplemente quieres descubrir nuevas oportunidades sin pasar horas buscando, quizás te resulte útil."
Romildo Jr,210055868838209,2026-08-20,2026-09-21,False,1,VIDEO,Learn more,ÚNETE AL GRUPO GRATUITO 👇,https://wpp.romildo.digital/,"🔥 Descubre ofertas ganadoras antes del mercado LATAM.  Analizamos campañas y ofertas escaladas en Brasil para que puedas detectar oportunidades, modelarlas y venderlas en español antes de que el mercado se sature."
Deivis Rodríguez Mkt,749388824913951,2026-07-09,2026-07-11,False,1,IMAGE,Learn more,"👉 Toca en ""Más información"" y mira cómo funciona.",https://elclubdeofertas.online/,"No sé si a ti también te pasa, pero una de las cosas que más tiempo me quitaba era intentar decidir qué producto valía la pena promocionar.  Abría la Biblioteca de Anuncios, veía cientos de opciones y terminaba sin elegir ninguna.  Por eso empecé a hacer algo diferente: analizar unas pocas oportunidades cada día en lugar de revisar cientos de anuncios.  De esa idea nació el Club de Ofertas Escaladas.  Todos los días compartimos 3 ofertas digitales que ya encontramos y analizamos para ahorrar tiempo en la investigación.  Si trabajas con afiliados, productos digitales o simplemente quieres descubrir nuevas oportunidades sin pasar horas buscando, quizás te resulte útil."
Deivis Rodríguez Mkt,749388824913951,2026-07-09,2026-07-11,False,1,IMAGE,Learn more,"👉 Toca en ""Más información"" y mira cómo funciona.",https://elclubdeofertas.online/,"No sé si a ti también te pasa, pero una de las cosas que más tiempo me quitaba era intentar decidir qué producto valía la pena promocionar.  Abría la Biblioteca de Anuncios, veía cientos de opciones y terminaba sin elegir ninguna.  Por eso empecé a hacer algo diferente: analizar unas pocas oportunidades cada día en lugar de revisar cientos de anuncios.  De esa idea nació el Club de Ofertas Escaladas.  Todos los días compartimos 3 ofertas digitales que ya encontramos y analizamos para ahorrar tiempo en la investigación.  Si trabajas con afiliados, productos digitales o simplemente quieres descubrir nuevas oportunidades sin pasar horas buscando, quizás te resulte útil."
Deivis Rodríguez Mkt,749388824913951,2026-07-09,2026-07-11,False,1,IMAGE,Learn more,"👉 Toca en ""Más información"" y mira cómo funciona.",https://elclubdeofertas.online/,"No sé si a ti también te pasa, pero una de las cosas que más tiempo me quitaba era intentar decidir qué producto valía la pena promocionar.  Abría la Biblioteca de Anuncios, veía cientos de opciones y terminaba sin elegir ninguna.  Por eso empecé a hacer algo diferente: analizar unas pocas oportunidades cada día en lugar de revisar cientos de anuncios.  De esa idea nació el Club de Ofertas Escaladas.  Todos los días compartimos 3 ofertas digitales que ya encontramos y analizamos para ahorrar tiempo en la investigación.  Si trabajas con afiliados, productos digitales o simplemente quieres descubrir nuevas oportunidades sin pasar horas buscando, quizás te resulte útil."
Deivis Rodríguez Mkt,749388824913951,2026-07-14,2026-07-16,False,1,IMAGE,Learn more,"👉 Toca en ""Más información"" y mira cómo funciona.",https://elclubdeofertas.online/,"No sé si a ti también te pasa, pero una de las cosas que más tiempo me quitaba era intentar decidir qué producto valía la pena promocionar.  Abría la Biblioteca de Anuncios, veía cientos de opciones y terminaba sin elegir ninguna.  Por eso empecé a hacer algo diferente: analizar unas pocas oportunidades cada día en lugar de revisar cientos de anuncios.  De esa idea nació el Club de Ofertas Escaladas.  Todos los días compartimos 3 ofertas digitales que ya encontramos y analizamos para ahorrar tiempo en la investigación.  Si trabajas con afiliados, productos digitales o simplemente quieres descubrir nuevas oportunidades sin pasar horas buscando, quizás te resulte útil."
Edição lucrativa,725074377345809,2026-07-10,2026-07-14,False,3,VIDEO,Learn more,👉 Clique e veja como funciona.,https://kiwify.app/r4599kt?afid=ljiYaMW7,"Pare de depender de vendas únicas. O jogo agora é receita recorrente. Eu vou te mostrar como criar um SaaS PLR e gerar assinaturas mensais, mesmo começando do zero: ❌ Sem programar  ❌ Sem experiência  ❌ Sem ter criado app antes 📦 Você recebe:  ✅ Acesso vitalício à comunidade  ✅ Produtos para colocar dentro do app  ✅ Estrutura pronta de monetização 📲 Você aprende:  → Criar seu SaaS  → Hospedar com baixo custo  → Ativar planos mensais  → Receber recorrência  → Escalar com anúncios 🎯 Meta clara: R$1.000 por dia com base de assinantes. Quem constrói recorrência, constrói liberdade."
Deivis Rodríguez Mkt,749388824913951,2026-07-14,2026-07-16,False,4,IMAGE,See details,"👉 Toca en ""Más información"" y mira cómo funciona.",https://elclubdeofertas.online/,"No sé si a ti también te pasa, pero una de las cosas que más tiempo me quitaba era intentar decidir qué producto valía la pena promocionar.  Abría la Biblioteca de Anuncios, veía cientos de opciones y terminaba sin elegir ninguna.  Por eso empecé a hacer algo diferente: analizar unas pocas oportunidades cada día en lugar de revisar cientos de anuncios.  De esa idea nació el Club de Ofertas Escaladas.  Todos los días compartimos 3 ofertas digitales que ya encontramos y analizamos para ahorrar tiempo en la investigación.  Si trabajas con afiliados, productos digitales o simplemente quieres descubrir nuevas oportunidades sin pasar horas buscando, quizás te resulte útil."
Deivis Rodríguez Mkt,749388824913951,2026-07-13,2026-07-17,False,,IMAGE,See details,"👉 Toca en ""Más información"" y mira cómo funciona.",https://elclubdeofertas.online/,"No sé si a ti también te pasa, pero una de las cosas que más tiempo me quitaba era intentar decidir qué producto valía la pena promocionar.  Abría la Biblioteca de Anuncios, veía cientos de opciones y terminaba sin elegir ninguna.  Por eso empecé a hacer algo diferente: analizar unas pocas oportunidades cada día en lugar de revisar cientos de anuncios.  De esa idea nació el Club de Ofertas Escaladas.  Todos los días compartimos 3 ofertas digitales que ya encontramos y analizamos para ahorrar tiempo en la investigación.  Si trabajas con afiliados, productos digitales o simplemente quieres descubrir nuevas oportunidades sin pasar horas buscando, quizás te resulte útil."
Deivis Rodríguez Mkt,749388824913951,2026-07-14,2026-07-16,False,,IMAGE,See details,"👉 Toca en ""Más información"" y mira cómo funciona.",https://elclubdeofertas.online/,"No sé si a ti también te pasa, pero una de las cosas que más tiempo me quitaba era intentar decidir qué producto valía la pena promocionar.  Abría la Biblioteca de Anuncios, veía cientos de opciones y terminaba sin elegir ninguna.  Por eso empecé a hacer algo diferente: analizar unas pocas oportunidades cada día en lugar de revisar cientos de anuncios.  De esa idea nació el Club de Ofertas Escaladas.  Todos los días compartimos 3 ofertas digitales que ya encontramos y analizamos para ahorrar tiempo en la investigación.  Si trabajas con afiliados, productos digitales o simplemente quieres descubrir nuevas oportunidades sin pasar horas buscando, quizás te resulte útil."
Deivis Rodríguez Mkt,749388824913951,2026-07-14,2026-07-16,False,,IMAGE,See details,"👉 Toca en ""Más información"" y mira cómo funciona.",https://elclubdeofertas.online/,"No sé si a ti también te pasa, pero una de las cosas que más tiempo me quitaba era intentar decidir qué producto valía la pena promocionar.  Abría la Biblioteca de Anuncios, veía cientos de opciones y terminaba sin elegir ninguna.  Por eso empecé a hacer algo diferente: analizar unas pocas oportunidades cada día en lugar de revisar cientos de anuncios.  De esa idea nació el Club de Ofertas Escaladas.  Todos los días compartimos 3 ofertas digitales que ya encontramos y analizamos para ahorrar tiempo en la investigación.  Si trabajas con afiliados, productos digitales o simplemente quieres descubrir nuevas oportunidades sin pasar horas buscando, quizás te resulte útil."
Deivis Rodríguez Mkt,749388824913951,2026-07-14,2026-07-16,False,5,IMAGE,See details,"👉 Toca en ""Más información"" y mira cómo funciona.",https://elclubdeofertas.online/,"No sé si a ti también te pasa, pero una de las cosas que más tiempo me quitaba era intentar decidir qué producto valía la pena promocionar.  Abría la Biblioteca de Anuncios, veía cientos de opciones y terminaba sin elegir ninguna.  Por eso empecé a hacer algo diferente: analizar unas pocas oportunidades cada día en lugar de revisar cientos de anuncios.  De esa idea nació el Club de Ofertas Escaladas.  Todos los días compartimos 3 ofertas digitales que ya encontramos y analizamos para ahorrar tiempo en la investigación.  Si trabajas con afiliados, productos digitales o simplemente quieres descubrir nuevas oportunidades sin pasar horas buscando, quizás te resulte útil."
Deivis Rodríguez Mkt,749388824913951,2026-07-14,2026-07-16,False,,IMAGE,See details,"👉 Toca en ""Más información"" y mira cómo funciona.",https://elclubdeofertas.online/,"No sé si a ti también te pasa, pero una de las cosas que más tiempo me quitaba era intentar decidir qué producto valía la pena promocionar.  Abría la Biblioteca de Anuncios, veía cientos de opciones y terminaba sin elegir ninguna.  Por eso empecé a hacer algo diferente: analizar unas pocas oportunidades cada día en lugar de revisar cientos de anuncios.  De esa idea nació el Club de Ofertas Escaladas.  Todos los días compartimos 3 ofertas digitales que ya encontramos y analizamos para ahorrar tiempo en la investigación.  Si trabajas con afiliados, productos digitales o simplemente quieres descubrir nuevas oportunidades sin pasar horas buscando, quizás te resulte útil."
Deivis Rodríguez Mkt,749388824913951,2026-07-14,2026-07-16,False,,IMAGE,See details,"👉 Toca en ""Más información"" y mira cómo funciona.",https://elclubdeofertas.online/,"No sé si a ti también te pasa, pero una de las cosas que más tiempo me quitaba era intentar decidir qué producto valía la pena promocionar.  Abría la Biblioteca de Anuncios, veía cientos de opciones y terminaba sin elegir ninguna.  Por eso empecé a hacer algo diferente: analizar unas pocas oportunidades cada día en lugar de revisar cientos de anuncios.  De esa idea nació el Club de Ofertas Escaladas.  Todos los días compartimos 3 ofertas digitales que ya encontramos y analizamos para ahorrar tiempo en la investigación.  Si trabajas con afiliados, productos digitales o simplemente quieres descubrir nuevas oportunidades sin pasar horas buscando, quizás te resulte útil."
Deivis Rodríguez Mkt,749388824913951,2026-07-14,2026-07-16,False,,IMAGE,See details,"👉 Toca en ""Más información"" y mira cómo funciona.",https://elclubdeofertas.online/,"No sé si a ti también te pasa, pero una de las cosas que más tiempo me quitaba era intentar decidir qué producto valía la pena promocionar.  Abría la Biblioteca de Anuncios, veía cientos de opciones y terminaba sin elegir ninguna.  Por eso empecé a hacer algo diferente: analizar unas pocas oportunidades cada día en lugar de revisar cientos de anuncios.  De esa idea nació el Club de Ofertas Escaladas.  Todos los días compartimos 3 ofertas digitales que ya encontramos y analizamos para ahorrar tiempo en la investigación.  Si trabajas con afiliados, productos digitales o simplemente quieres descubrir nuevas oportunidades sin pasar horas buscando, quizás te resulte útil."
Deivis Rodríguez Mkt,749388824913951,2026-05-29,2026-06-01,False,2,IMAGE,See details,Club Espia digital – Sitio Web de Educacion,https://formulalowticket.online/club-espia-digital/,"¿Te cuesta decidir qué producto digital promocionar?  Hoy en día hay demasiadas opciones… y eso termina generando más dudas que resultados.  Por eso creamos una forma más simple de inspirarte 👇  Cada día puedes recibir directamente en tu celular una selección de productos digitales que están activos en el mercado, para analizarlos, entenderlos y tomar mejores decisiones.  Sin tener que pasar horas buscando. Sin saturarte de información.  ✔ Ideas organizadas y listas para revisar ✔ Enfoque práctico para ahorrar tiempo ✔ Ideal si estás empezando o quieres optimizar tu proceso  Además, al ingresar obtienes recursos extra que te ayudan a analizar mejor cada oportunidad.  👉 Toca en “Más información” y conoce cómo funciona"
Edição lucrativa,725074377345809,2026-03-02,2026-03-02,False,,VIDEO,Learn more,Transforme conhecimento em renda automática  Eu vou te mostrar como criar o seu próprio SaaS PLR — um aplicativo por assinatura que pode gerar renda todos os meses.,https://nuvemshopz.com/comunidade,"Chega de correr atrás de vendas isoladas. O verdadeiro jogo agora é receita recorrente previsível.  Enquanto muitos ainda brigam por uma venda aqui e outra ali… os mais inteligentes estão construindo ativos digitais que pagam todo mês.  E é exatamente isso que você vai aprender.  💰 Transforme conhecimento em renda mensal automática  Vou te mostrar como criar o seu SaaS PLR — um aplicativo por assinatura — mesmo que você:  ❌ Nunca tenha programado ❌ Não saiba nada sobre tecnologia ❌ Nunca tenha criado um app na vida  Simples. Direto. Do zero ao lucro.  📦 O que você recebe ao entrar:  ✅ Acesso vitalício à comunidade estratégica ✅ Produtos prontos para colocar dentro do seu app ✅ Estrutura completa de monetização validada ✅ Modelo de assinatura configurado ✅ Estratégia prática para ativar recorrência  Você não começa do zero. Você começa com estrutura.  📲 O que você vai aprender na prática:  → Criar seu próprio SaaS passo a passo → Hospedar com baixo custo → Ativar planos mensais automaticamente → Configurar pagamentos recorrentes → Escalar com anúncios pagos → Transformar assinantes em renda previsível  🎯 Meta clara e objetiva:  Construir uma base sólida de assinantes para alcançar R$1.000 por dia em receita recorrente.  Não é sobre sorte. É sobre sistema.  Quem constrói recorrência, constrói liberdade. Quem constrói liberdade, sai da corrida infinita por vendas únicas.  Se você quer parar de depender de lançamentos imprevisíveis e começar a construir um negócio digital estável…  Essa é a virada de chave."
Romildo Jr,210055868838209,2025-12-04,2025-12-05,False,1,VIDEO,Learn more,Únete ahora al grupo gratuito,https://quiz.cakto.com.br/ofertas-escaladas-rgiyvS,"Estás a un clic de descubrir las ofertas e infoproductos que más venden en Brasil.  En nuestro grupo gratuito recibes todos los días las mejores oportunidades, para inspirarte, modelar y vender en tu país.  👉 Únete ahora al grupo gratuito."
Deivis Rodríguez Mkt,749388824913951,2026-07-13,2026-07-18,False,1,IMAGE,Learn more,"👉 Toca en ""Más información"" y mira cómo funciona.",https://elclubdeofertas.online/,"No sé si a ti también te pasa, pero una de las cosas que más tiempo me quitaba era intentar decidir qué producto valía la pena promocionar.  Abría la Biblioteca de Anuncios, veía cientos de opciones y terminaba sin elegir ninguna.  Por eso empecé a hacer algo diferente: analizar unas pocas oportunidades cada día en lugar de revisar cientos de anuncios.  De esa idea nació el Club de Ofertas Escaladas.  Todos los días compartimos 3 ofertas digitales que ya encontramos y analizamos para ahorrar tiempo en la investigación.  Si trabajas con afiliados, productos digitales o simplemente quieres descubrir nuevas oportunidades sin pasar horas buscando, quizás te resulte útil."
Deivis Rodríguez Mkt,749388824913951,2026-07-14,2026-07-16,False,1,IMAGE,Learn more,"👉 Toca en ""Más información"" y mira cómo funciona.",https://elclubdeofertas.online/,"No sé si a ti también te pasa, pero una de las cosas que más tiempo me quitaba era intentar decidir qué producto valía la pena promocionar.  Abría la Biblioteca de Anuncios, veía cientos de opciones y terminaba sin elegir ninguna.  Por eso empecé a hacer algo diferente: analizar unas pocas oportunidades cada día en lugar de revisar cientos de anuncios.  De esa idea nació el Club de Ofertas Escaladas.  Todos los días compartimos 3 ofertas digitales que ya encontramos y analizamos para ahorrar tiempo en la investigación.  Si trabajas con afiliados, productos digitales o simplemente quieres descubrir nuevas oportunidades sin pasar horas buscando, quizás te resulte útil."
Deivis Rodríguez Mkt,749388824913951,2025-10-03,2025-10-04,False,,IMAGE,Learn more,👉 Accede hoy y deja de perder meses buscando lo que nunca encuentras.,https://empredecondeivis.online/club-espia-digital-2025/,"❌ ¿Cansado de perder horas buscando ofertas digitales que no venden? ❌ ¿Te pasa que pruebas y pruebas… pero ninguna despega?  Con Club Espía Digital recibes 2 ofertas comprobadas todos los días directo en tu WhatsApp. 👉 Solo replica, modela y empieza a vender.  🔥 Deja de gastar tiempo en búsquedas interminables… y empieza a enfocarte en lo que da resultados."
Edição lucrativa,725074377345809,2026-07-09,2026-07-10,False,3,VIDEO,Learn more,👉 Clique e veja como funciona.,https://kiwify.app/r4599kt?afid=ljiYaMW7,"Pare de depender de vendas únicas. O jogo agora é receita recorrente. Eu vou te mostrar como criar um SaaS PLR e gerar assinaturas mensais, mesmo começando do zero: ❌ Sem programar  ❌ Sem experiência  ❌ Sem ter criado app antes 📦 Você recebe:  ✅ Acesso vitalício à comunidade  ✅ Produtos para colocar dentro do app  ✅ Estrutura pronta de monetização 📲 Você aprende:  → Criar seu SaaS  → Hospedar com baixo custo  → Ativar planos mensais  → Receber recorrência  → Escalar com anúncios 🎯 Meta clara: R$1.000 por dia com base de assinantes. Quem constrói recorrência, constrói liberdade."
Edição lucrativa,725074377345809,2026-07-19,2026-07-20,False,,VIDEO,Learn more,👉 assitir gratis,https://kiwify.app/r4599kt?afid=ljiYaMW7,"Pare de depender de vendas únicas. O jogo agora é receita recorrente. Eu vou te mostrar como criar um SaaS PLR e gerar assinaturas mensais, mesmo começando do zero: ❌ Sem programar  ❌ Sem experiência  ❌ Sem ter criado app antes 📦 Você recebe:  ✅ Acesso vitalício à comunidade  ✅ Produtos para colocar dentro do app  ✅ Estrutura pronta de monetização 📲 Você aprende:  → Criar seu SaaS  → Hospedar com baixo custo  → Ativar planos mensais  → Receber recorrência  → Escalar com anúncios 🎯 Meta clara: R$1.000 por dia com base de assinantes. Quem constrói recorrência, constrói liberdade."
Romildo Jr,210055868838209,2026-08-24,2026-09-18,False,1,VIDEO,Learn more,ÚNETE AL GRUPO GRATUITO 👇,https://wpp.romildo.digital/,"🔥 Descubre ofertas ganadoras antes del mercado LATAM.  Analizamos campañas y ofertas escaladas en Brasil para que puedas detectar oportunidades, modelarlas y venderlas en español antes de que el mercado se sature."
Espião Hard,375391818984717,2024-11-25,2024-11-26,False,2,VIDEO,Learn more,,https://espiaohard.com/free/,"Clique em Saiba Mais ou no link da bio, para receber Ofertas Escaladas todos os dias! 🔥"
Espião Hard,375391818984717,2024-11-25,2024-11-26,False,,VIDEO,Learn more,,https://espiaohard.com/free/,"Clique em Saiba Mais ou no link da bio, para receber Ofertas Escaladas todos os dias! 🔥"
Romildo Jr,210055868838209,2025-12-04,2025-12-05,False,1,VIDEO,Learn more,Únete ahora al grupo gratuito,https://quiz.cakto.com.br/ofertas-escaladas-rgiyvS,"Estás a un clic de descubrir las ofertas e infoproductos que más venden en Brasil.  En nuestro grupo gratuito recibes todos los días las mejores oportunidades, para inspirarte, modelar y vender en tu país.  👉 Únete ahora al grupo gratuito."
Deivis Rodríguez Mkt,749388824913951,2025-10-03,2025-10-03,False,1,IMAGE,Learn more,👉 Accede hoy y deja de perder meses buscando lo que nunca encuentras.,https://empredecondeivis.online/club-espia-digital-2025/,"❌ ¿Cansado de perder horas buscando ofertas digitales que no venden? ❌ ¿Te pasa que pruebas y pruebas… pero ninguna despega?  Con Club Espía Digital recibes 2 ofertas comprobadas todos los días directo en tu WhatsApp. 👉 Solo replica, modela y empieza a vender.  🔥 Deja de gastar tiempo en búsquedas interminables… y empieza a enfocarte en lo que da resultados."
Deivis Rodríguez Mkt,749388824913951,2025-10-03,2025-10-04,False,,IMAGE,Learn more,👉 Accede hoy y deja de perder meses buscando lo que nunca encuentras.,https://empredecondeivis.online/club-espia-digital-2025/,"❌ ¿Cansado de perder horas buscando ofertas digitales que no venden? ❌ ¿Te pasa que pruebas y pruebas… pero ninguna despega?  Con Club Espía Digital recibes 2 ofertas comprobadas todos los días directo en tu WhatsApp. 👉 Solo replica, modela y empieza a vender.  🔥 Deja de gastar tiempo en búsquedas interminables… y empieza a enfocarte en lo que da resultados."
Deivis Rodríguez Mkt,749388824913951,2025-10-03,2025-10-03,False,1,IMAGE,Learn more,👉 Accede hoy y deja de perder meses buscando lo que nunca encuentras.,https://empredecondeivis.online/club-espia-digital-2025/,"❌ ¿Cansado de perder horas buscando ofertas digitales que no venden? ❌ ¿Te pasa que pruebas y pruebas… pero ninguna despega?  Con Club Espía Digital recibes 2 ofertas comprobadas todos los días directo en tu WhatsApp. 👉 Solo replica, modela y empieza a vender.  🔥 Deja de gastar tiempo en búsquedas interminables… y empieza a enfocarte en lo que da resultados."
Deivis Rodríguez Mkt,749388824913951,2025-10-03,2025-10-04,False,,IMAGE,Learn more,👉 Accede hoy y deja de perder meses buscando lo que nunca encuentras.,https://empredecondeivis.online/club-espia-digital-2025/,"❌ ¿Cansado de perder horas buscando ofertas digitales que no venden? ❌ ¿Te pasa que pruebas y pruebas… pero ninguna despega?  Con Club Espía Digital recibes 2 ofertas comprobadas todos los días directo en tu WhatsApp. 👉 Solo replica, modela y empieza a vender.  🔥 Deja de gastar tiempo en búsquedas interminables… y empieza a enfocarte en lo que da resultados."
Romildo Jr,210055868838209,2026-08-24,2026-09-20,False,1,VIDEO,Learn more,ÚNETE AL GRUPO GRATUITO 👇,https://wpp.romildo.digital/,"🔥 Descubre ofertas ganadoras antes del mercado LATAM.  Analizamos campañas y ofertas escaladas en Brasil para que puedas detectar oportunidades, modelarlas y venderlas en español antes de que el mercado se sature."
Deivis Rodríguez Mkt,749388824913951,2025-10-03,2025-10-03,False,,IMAGE,Learn more,👉 Accede hoy y deja de perder meses buscando lo que nunca encuentras.,https://empredecondeivis.online/club-espia-digital-2025/,"❌ ¿Cansado de perder horas buscando ofertas digitales que no venden? ❌ ¿Te pasa que pruebas y pruebas… pero ninguna despega?  Con Club Espía Digital recibes 2 ofertas comprobadas todos los días directo en tu WhatsApp. 👉 Solo replica, modela y empieza a vender.  🔥 Deja de gastar tiempo en búsquedas interminables… y empieza a enfocarte en lo que da resultados."
