slug,titulo,pagina,checkout_hotmart
tienes-freidora-de-aire-y-siempre-cocinas-lo-mismo-wdxhb3,100+ Recetas Altas en Proteína para Air Fryer — Descarga Inmediata,https://quantumminer.site/p/tienes-freidora-de-aire-y-siempre-cocinas-lo-mismo-wdxhb3,https://pay.hotmart.com/S107210649F
suenabebe-life-tu-bebe-lleva-2-horas-despierto-ya--82ic6i,SueñaBebé — Deja de adivinar cuándo toca la siesta de tu bebé,https://quantumminer.site/p/suenabebe-life-tu-bebe-lleva-2-horas-despierto-ya--82ic6i,
hikarisekai-net-products-no-fallas-por-falta-de-vo-d4rui8,Rastreador de Hábitos para Excel y Google Sheets — Ve exactamente dónde estás fallando,https://quantumminer.site/p/hikarisekai-net-products-no-fallas-por-falta-de-vo-d4rui8,
a-veces-el-cuerpo-no-se-enferma-solo-grita-lo-que--ler3em,Mujer Fortaleza — Guía de Conexión Cuerpo · Emoción | Autoconocimiento para mujeres,https://quantumminer.site/p/a-veces-el-cuerpo-no-se-enferma-solo-grita-lo-que--ler3em,
recetas-saludables-y-bajas-en-calorias-1-ensalada--mr1i27,Reset Antiinflamatorio — 120 Recetas + Plan 14 Días por $9 USD | Descarga Inmediata,https://quantumminer.site/p/recetas-saludables-y-bajas-en-calorias-1-ensalada--mr1i27,
tuarteincrivel-com-br-psiproblack-deja-de-depender-pen09z,Kit PSYFLOW — Transforma tu Instagram en tu fuente de nuevos pacientes | $9 USD,https://quantumminer.site/p/tuarteincrivel-com-br-psiproblack-deja-de-depender-pen09z,
cursodetailing-online-pro-por-que-los-detailers-qu-ib6jkh,Curso de Car Detailing Profesional — Certificación Internacional | BM Detailing,https://quantumminer.site/p/cursodetailing-online-pro-por-que-los-detailers-qu-ib6jkh,https://go.hotmart.com/L107161669T
bienestarinteligente-store-products-cuanto-tiempo--ntl6wm,Pedido Confirmado — Sistema de Estimulación Cognitiva,https://quantumminer.site/p/bienestarinteligente-store-products-cuanto-tiempo--ntl6wm,
bienestarinteligente-store-products-cuanto-tiempo--s24njs,Esperá — Tu Descuento Exclusivo en el Pack Profesional de Estimulación Cognitiva,https://quantumminer.site/p/bienestarinteligente-store-products-cuanto-tiempo--s24njs,
bienestarinteligente-store-products-cuanto-tiempo--tzk7s6,Pack Profesional Herramientas Prácticas — Solo en Esta Página,https://quantumminer.site/p/bienestarinteligente-store-products-cuanto-tiempo--tzk7s6,
bienestarinteligente-store-products-cuanto-tiempo--83sq0h,Sistema de Estimulación Cognitiva para Personas Mayores — 500+ Actividades por $9,https://quantumminer.site/p/bienestarinteligente-store-products-cuanto-tiempo--83sq0h,https://pay.hotmart.com/J107142556S
planificar-actividades-para-toda-la-semana-no-debe-bl07wa,Kit Aula Viva — +120 Actividades Listas para Nivel Inicial | Planificá en Minutos,https://quantumminer.site/p/planificar-actividades-para-toda-la-semana-no-debe-bl07wa,https://pay.hotmart.com/E107092744H
ultimamente-he-recibido-muchos-comentarios-sobre-l-uzuv6f,"La Ley de Murphy para Niños — El sistema que desarrolla curiosidad, disciplina y pensamiento crítico en niños de 6 a 12",https://quantumminer.site/p/ultimamente-he-recibido-muchos-comentarios-sobre-l-uzuv6f,https://pay.hotmart.com/Q106734374V
tunegociodigitalpro-com-la-invitacion-que-hace-que-x6asse,Invitaciones Digitales Premium para Bodas y XV Años — Efecto WOW desde el primer clic,https://quantumminer.site/p/tunegociodigitalpro-com-la-invitacion-que-hace-que-x6asse,
packplantillasexcel-com-packexcel-mas-de-15-000-pl-6yie9b,"Pack Excel Pro — 10,000+ Plantillas para Dueños de Negocio por $6.90 | Acceso Inmediato",https://quantumminer.site/p/packplantillasexcel-com-packexcel-mas-de-15-000-pl-6yie9b,https://pay.hotmart.com/Q106785715U
create-amazing-party-decorations-without-design-sk-sizfv4,"Kit de Plantillas para Fiestas Infantiles — +10,000 Diseños Editables en Canva",https://quantumminer.site/p/create-amazing-party-decorations-without-design-sk-sizfv4,https://pay.hotmart.com/V105687681Y
recetassaludables-zero-com-products-tu-air-fryer-m-uhlyax,Recetario AirChef 500 — 500 Recetas Saludables para Air Fryer | Descarga Inmediata,https://quantumminer.site/p/recetassaludables-zero-com-products-tu-air-fryer-m-uhlyax,
psicologa-cansada-de-perder-horas-tentando-criar-p-gz17u4,Kit PsiElegance — 80 Publicaciones + Templates + Stories para Psicólogas y Terapeutas,https://quantumminer.site/p/psicologa-cansada-de-perder-horas-tentando-criar-p-gz17u4,https://pay.hotmart.com/J106746012N
lifecoachingkit-store-lanza-tu-negocio-de-coaching-1d6l3r,Kit Élite para Coaches — 2.500+ Plantillas Canva para Lanzar tu Negocio de Coaching,https://quantumminer.site/p/lifecoachingkit-store-lanza-tu-negocio-de-coaching-1d6l3r,https://pay.hotmart.com/Q106715147W
split-vkdigital-com-br-rules-como-miles-de-mujeres-rqebor,50 Recetas de Jabones Artesanales — Generá Ingresos Desde Tu Cocina | Método Artesana Próspera,https://quantumminer.site/p/split-vkdigital-com-br-rules-como-miles-de-mujeres-rqebor,
emprendecon-habilidadesrentables-com-products-el-g-upfvvc,El Gran Tesoro del Tejido — +2.000 Patrones Premium | Acceso Inmediato,https://quantumminer.site/p/emprendecon-habilidadesrentables-com-products-el-g-upfvvc,
tu-chihuahua-ladra-demasiado-no-obedece-o-te-tiene-wx0h0p,Un segundo antes de que sea tarde — Pack Salud y Emergencias para tu Chihuahua,https://quantumminer.site/p/tu-chihuahua-ladra-demasiado-no-obedece-o-te-tiene-wx0h0p,
quieres-que-tu-fiesta-se-vea-pro-sin-pasar-horas-d-t0jsbc,"Kit Party Idea CLUB — +10,000 Plantillas para Fiestas Infantiles en Canva | Desde $4",https://quantumminer.site/p/quieres-que-tu-fiesta-se-vea-pro-sin-pasar-horas-d-t0jsbc,
quieres-que-tu-pequeno-a-mejore-su-confianza-y-hab-ntvni0,Matemagor Kids — Pack Avanzado: Cuadernillos de Refuerzo por Nivel,https://quantumminer.site/p/quieres-que-tu-pequeno-a-mejore-su-confianza-y-hab-ntvni0,
bibliotecacrochet-online-4-000-patrones-de-crochet-41w9bh,Biblioteca del Crochet — +4.000 Patrones Premium por $12,https://quantumminer.site/p/bibliotecacrochet-online-4-000-patrones-de-crochet-41w9bh,
suplementosemdesperdicio-com-br-llevas-meses-toman-9kkwhc,Pedido Confirmado — Revisa tu Email | Guía de Combinaciones 2026,https://quantumminer.site/p/suplementosemdesperdicio-com-br-llevas-meses-toman-9kkwhc,
suplementosemdesperdicio-com-br-llevas-meses-toman-o5ymel,Sinergia App — Convierte tu guía en una estrategia personalizada,https://quantumminer.site/p/suplementosemdesperdicio-com-br-llevas-meses-toman-o5ymel,
suplementosemdesperdicio-com-br-llevas-meses-toman-g24ttv,Guía de Combinaciones 2026 — Deja de desperdiciar dinero en suplementos que no absorbes,https://quantumminer.site/p/suplementosemdesperdicio-com-br-llevas-meses-toman-g24ttv,https://pay.hotmart.com/L99908383X
a-selecao-mais-poderosa-da-historia-virou-album-de-wp18zg,Álbum Bíblico — El Equipo de Jesús | 87 Figuritas del Antiguo y Nuevo Testamento,https://quantumminer.site/p/a-selecao-mais-poderosa-da-historia-virou-album-de-wp18zg,
encuadernadora-deja-de-perder-tiempo-y-energia-cre-u0cmoc,"Kit FLORECER — Miles de diseños listos para imprimir, encuadernar y vender desde casa",https://quantumminer.site/p/encuadernadora-deja-de-perder-tiempo-y-energia-cre-u0cmoc,
